{
    "Area": [
        [
            [
                21.064284,
                105.792994
            ],
            [
                21.064001,
                105.792895
            ],
            [
                21.06339,
                105.793144
            ],
            [
                21.063418,
                105.794097
            ],
            [
                21.064374,
                105.794156
            ],
            [
                21.06449,
                105.793547
            ],
            [
                21.064284,
                105.792994
            ]
        ]
    ],
    "Points": [],
    "LineString": [],
    "Drone areas:": {
        "Area_0": [
            [
                21.0634108222591,
                105.79385270594419
            ],
            [
                21.06441993417428,
                105.7939149906992
            ],
            [
                21.064374021136405,
                105.79415603542763
            ],
            [
                21.06341800060144,
                105.79409702604529
            ],
            [
                21.0634108222591,
                105.79385270594419
            ]
        ],
        "Area_1": [
            [
                21.06340364391676,
                105.79360838586668
            ],
            [
                21.06446584721215,
                105.79367394582196
            ],
            [
                21.06441993417428,
                105.7939149906992
            ],
            [
                21.0634108222591,
                105.79385270594419
            ],
            [
                21.06340364391676,
                105.79360838586668
            ]
        ],
        "Area_2": [
            [
                21.064490023628096,
                105.7935470188263
            ],
            [
                21.06446584721215,
                105.79367394582196
            ],
            [
                21.06340364391676,
                105.79360838586668
            ],
            [
                21.063396465574424,
                105.79336406581272
            ],
            [
                21.0644460016178,
                105.79342884220372
            ],
            [
                21.064490023628096,
                105.7935470188263
            ]
        ],
        "Area_3": [
            [
                21.06339,
                105.79314400534854
            ],
            [
                21.06344160549726,
                105.79312297470942
            ],
            [
                21.06435301641372,
                105.7931792246335
            ],
            [
                21.0644460016178,
                105.79342884220372
            ],
            [
                21.063396465574424,
                105.79336406581272
            ],
            [
                21.06339,
                105.79314400534854
            ]
        ],
        "Area_4": [
            [
                21.06435301641372,
                105.7931792246335
            ],
            [
                21.06344160549726,
                105.79312297470942
            ],
            [
                21.064001013124336,
                105.792895
            ],
            [
                21.0642840192032,
                105.79299400272149
            ],
            [
                21.06435301641372,
                105.7931792246335
            ]
        ]
    },
    "Drone grid points": {
        "A1P1": [
            21.064298776658806,
            105.79307945137094
        ],
        "A1P2": [
            21.064214256929237,
            105.79297780941033
        ],
        "A1P3": [
            21.06403746979429,
            105.79291868599307
        ],
        "A1P4": [
            21.063992627370904,
            105.79291591850298
        ],
        "A1P5": [
            21.063855517542144,
            105.79295566936747
        ],
        "A1P6": [
            21.06357871532602,
            105.79308322410974
        ],
        "A1P7": [
            21.06371324259618,
            105.79309152671318
        ],
        "A1P8": [
            21.06371582515478,
            105.79304347343677
        ],
        "A1P9": [
            21.06376066757817,
            105.79304624096015
        ],
        "A1P10": [
            21.06375808501957,
            105.79309429425102
        ],
        "A1P11": [
            21.063802927442953,
            105.7930970617905
        ],
        "A1P12": [
            21.063808092560155,
            105.79300095517826
        ],
        "A1P13": [
            21.063852934983544,
            105.79300372269054
        ],
        "A1P14": [
            21.063847769866342,
            105.79309982933167
        ],
        "A1P15": [
            21.063892612289727,
            105.79310259687449
        ],
        "A1P16": [
            21.06390035996553,
            105.792958436867
        ],
        "A1P17": [
            21.063945202388915,
            105.79296120436818
        ],
        "A1P18": [
            21.063937454713113,
            105.79310536441899
        ],
        "A1P19": [
            21.0639822971365,
            105.79310813196516
        ],
        "A1P20": [
            21.063990044812304,
            105.79296397187103
        ],
        "A1P21": [
            21.06403488723569,
            105.79296673937556
        ],
        "A1P22": [
            21.064027139559887,
            105.793110899513
        ],
        "A1P23": [
            21.064071981983275,
            105.7931136670625
        ],
        "A1P24": [
            21.064079729659074,
            105.79296950688175
        ],
        "A1P25": [
            21.064124572082463,
            105.79297227438961
        ],
        "A1P26": [
            21.06411682440666,
            105.79311643461367
        ],
        "A1P27": [
            21.064161666830046,
            105.79311920216651
        ],
        "A1P28": [
            21.064169414505848,
            105.79297504189914
        ],
        "A1P29": [
            21.064211674370636,
            105.79302586284889
        ],
        "A1P30": [
            21.064206509253435,
            105.79312196972101
        ],
        "A1P31": [
            21.06425135167682,
            105.7931247372772
        ],
        "A1P32": [
            21.06425393423542,
            105.79307668382754
        ],
        "A1P33": [
            21.064296194100205,
            105.79312750483504
        ]
    },
    "Drone paths": {
        "A1P0-1": [
            [
                21.0648882,
                105.7929578
            ],
            [
                21.064298776658806,
                105.79307945137094
            ]
        ],
        "A1P1-2": [
            [
                21.064298776658806,
                105.79307945137094
            ],
            [
                21.06425651679402,
                105.7930286303762
            ]
        ],
        "A1P2-3": [
            [
                21.06425651679402,
                105.7930286303762
            ],
            [
                21.064214256929237,
                105.79297780941033
            ]
        ],
        "A1P3-4": [
            [
                21.064214256929237,
                105.79297780941033
            ],
            [
                21.06403746979429,
                105.79291868599307
            ]
        ],
        "A1P4-5": [
            [
                21.06403746979429,
                105.79291868599307
            ],
            [
                21.063992627370904,
                105.79291591850298
            ]
        ],
        "A1P5-6": [
            [
                21.063992627370904,
                105.79291591850298
            ],
            [
                21.063855517542144,
                105.79295566936747
            ]
        ],