{
    "Area": [
        [
            [
                21.068462,
                105.789494
            ],
            [
                21.063595,
                105.798699
            ],
            [
                21.063484,
                105.789408
            ],
            [
                21.068272,
                105.789504
            ],
            [
                21.068462,
                105.789494
            ]
        ]
    ],
    "Points": [],
    "LineString": [
        [
            [
                21.06681,
                105.79032
            ],
            [
                21.063024,
                105.791457
            ],
            [
                21.063585,
                105.798871
            ],
            [
                21.068222,
                105.797841
            ],
            [
                21.068402,
                105.793195
            ],
            [
                21.06684,
                105.790191
            ],
            [
                21.066659,
                105.790395
            ]
        ]
    ],
    "Drone areas:": {
        "Area_0": [
            [
                21.06359500238429,
                105.79869920650279
            ],
            [
                21.06358036824711,
                105.79747428796186
            ],
            [
                21.067799539421394,
                105.78949452961653
            ],
            [
                21.06846210692788,
                105.78949400472553
            ],
            [
                21.06359500238429,
                105.79869920650279
            ]
        ],
        "Area_1": [
            [
                21.06358036824711,
                105.79747428796186
            ],
            [
                21.06356573410993,
                105.79624936966194
            ],
            [
                21.0671441970468,
                105.78948138921523
            ],
            [
                21.067799539421394,
                105.78949452961653
            ],
            [
                21.06358036824711,
                105.79747428796186
            ]
        ],
        "Area_2": [
            [
                21.06356573410993,
                105.79624936966194
            ],
            [
                21.06355109997275,
                105.79502445160298
            ],
            [
                21.06648885467221,
                105.78946824892972
            ],
            [
                21.0671441970468,
                105.78948138921523
            ],
            [
                21.06356573410993,
                105.79624936966194
            ]
        ],
        "Area_3": [
            [
                21.06355109997275,
                105.79502445160298
            ],
            [
                21.063536465835572,
                105.79379953378503
            ],
            [
                21.06583351229762,
                105.78945510876002
            ],
            [
                21.06648885467221,
                105.78946824892972
            ],
            [
                21.06355109997275,
                105.79502445160298
            ]
        ],
        "Area_4": [
            [
                21.063484,
                105.789408
            ],
            [
                21.06583351229762,
                105.78945510876002
            ],
            [
                21.063536465835572,
                105.79379953378503
            ],
            [
                21.063484,
                105.789408
            ]
        ]
    },
    "Drone grid points": {},
    "Drone paths": {}
}