{
    "Area": [
        [
            [
                21.065334,
                105.793909
            ],
            [
                21.064303,
                105.793855
            ],
            [
                21.064248,
                105.795556
            ],
            [
                21.065524,
                105.795513
            ],
            [
                21.065334,
                105.793909
            ]
        ]
    ],
    "Points": [],
    "LineString": [],
    "Drone areas:": {
        "Area_0": [
            [
                21.064248,
                105.79555603653763
            ],
            [
                21.064303001181404,
                105.793855
            ],
            [
                21.06453448046334,
                105.79386712405945
            ],
            [
                21.0644801242274,
                105.79554821681153
            ],
            [
                21.064248,
                105.79555603653763
            ]
        ],
        "Area_1": [
            [
                21.0644801242274,
                105.79554821681153
            ],
            [
                21.06453448046334,
                105.79386712405945
            ],
            [
                21.064765959745277,
                105.79387924815663
            ],
            [
                21.0647122484548,
                105.79554039706106
            ],
            [
                21.0644801242274,
                105.79554821681153
            ]
        ],
        "Area_2": [
            [
                21.0647122484548,
                105.79554039706106
            ],
            [
                21.064765959745277,
                105.79387924815663
            ],
            [
                21.064997439027213,
                105.79389137229155
            ],
            [
                21.064944372682202,
                105.79553257728621
            ],
            [
                21.0647122484548,
                105.79554039706106
            ]
        ],
        "Area_3": [
            [
                21.064944372682202,
                105.79553257728621
            ],
            [
                21.064997439027213,
                105.79389137229155
            ],
            [
                21.06522891830915,
                105.79390349646421
            ],
            [
                21.065176496909604,
                105.79552475748697
            ],
            [
                21.064944372682202,
                105.79553257728621
            ]
        ],
        "Area_4": [
            [
                21.065524027408593,
                105.79551304983657
            ],
            [
                21.065176496909604,
                105.79552475748697
            ],
            [
                21.06522891830915,
                105.79390349646421
            ],
            [
                21.065334023327374,
                105.79390900155417
            ],
            [
                21.065524027408593,
                105.79551304983657
            ]
        ]
    },
    "Drone grid points": {
        "A1P1": [
            21.064476338751977,
            105.79405408424783
        ],
        "A1P2": [
            21.06443278761485,
            105.79540100375806
        ],
        "A1P3": [
            21.06443900920587,
            105.79520858673345
        ],
        "A1P4": [
            21.06444523079689,
            105.79501616969276
        ],
        "A1P5": [
            21.064451452387907,
            105.79482375263596
        ],
        "A1P6": [
            21.064457673978925,
            105.79463133556307
        ],
        "A1P7": [
            21.06446389556994,
            105.79443891847409
        ],
        "A1P8": [
            21.06447011716096,
            105.794246501369
        ],
        "A2P1": [
            21.064707818033913,
            105.79406620863121
        ],
        "A2P2": [
            21.06466426689679,
            105.79541313023377
        ],
        "A2P3": [
            21.064670488487806,
            105.79522071291026
        ],
        "A2P4": [
            21.064676710078825,
            105.79502829557066
        ],
        "A2P5": [
            21.064682931669843,
            105.79483587821495
        ],
        "A2P6": [
            21.06468915326086,
            105.79464346084316
        ],
        "A2P7": [
            21.064695374851876,
            105.79445104345527
        ],
        "A2P8": [
            21.064701596442895,
            105.79425862605129
        ],
        "A3P1": [
            21.06493929731585,
            105.79407833305231
        ],
        "A3P2": [
            21.064895746178728,
            105.79542525674725
        ],
        "A3P3": [
            21.064901967769742,
            105.79523283912484
        ],
        "A3P4": [
            21.06490818936076,
            105.79504042148632
        ],
        "A3P5": [
            21.06491441095178,
            105.7948480038317
        ],
        "A3P6": [
            21.064920632542798,
            105.794655586161
        ],
        "A3P7": [
            21.064926854133812,
            105.7944631684742
        ],
        "A3P8": [
            21.06493307572483,
            105.7942707507713
        ],
        "A4P1": [
            21.065170776597785,
            105.79409045751116
        ],
        "A4P2": [
            21.065127225460664,
            105.7954373832985
        ],
        "A4P3": [
            21.06513344705168,
            105.79524496537717
        ],
        "A4P4": [
            21.065139668642697,
            105.79505254743974
        ],
        "A4P5": [
            21.065145890233715,
            105.79486012948621
        ],
        "A4P6": [
            21.065152111824734,
            105.7946677115166
        ],
        "A4P7": [
            21.065158333415752,
            105.79447529353088
        ],
        "A4P8": [
            21.065164555006767,
            105.79428287552906
        ],
        "A5P1": [
            21.06538981269769,
            105.7944874186253
        ],
        "A5P2": [
            21.0653587047426,
            105.79544950988752
        ],
        "A5P3": [
            21.06536492633362,
            105.79525709166727
        ],
        "A5P4": [
            21.065371147924633,
            105.79506467343091
        ],
        "A5P5": [
            21.06537736951565,
            105.79487225517848
        ],
        "A5P6": [
            21.06538359110667,
            105.79467983690994
        ]
    },
    "Drone paths": {}
}