{
    "Area": [
        [
            [
                21.06511,
                105.79312
            ],
            [
                21.065167,
                105.793567
            ],
            [
                21.064873,
                105.79368
            ],
            [
                21.064635,
                105.793028
            ],
            [
                21.065067,
                105.792994
            ],
            [
                21.06511,
                105.79312
            ]
        ]
    ],
    "Points": [],
    "LineString": [],
    "Drone areas:": {
        "Area_0": [
            [
                21.06487300511226,
                105.79368001583292
            ],
            [
                21.064635,
                105.79302800073033
            ],
            [
                21.064717103922153,
                105.79302153886276
            ],
            [
                21.064947075655535,
                105.79365154682435
            ],
            [
                21.06487300511226,
                105.79368001583292
            ]
        ],
        "Area_1": [
            [
                21.064947075655535,
                105.79365154682435
            ],
            [
                21.064717103922153,
                105.79302153886276
            ],
            [
                21.064799207844306,
                105.79301507698807
            ],
            [
                21.065021146198813,
                105.79362307778742
            ],
            [
                21.064947075655535,
                105.79365154682435
            ]
        ],
        "Area_2": [
            [
                21.065021146198813,
                105.79362307778742
            ],
            [
                21.064799207844306,
                105.79301507698807
            ],
            [
                21.064881311766456,
                105.79300861510623
            ],
            [
                21.065095216742087,
                105.79359460872213
            ],
            [
                21.065021146198813,
                105.79362307778742
            ]
        ],
        "Area_3": [
            [
                21.065095216742087,
                105.79359460872213
            ],
            [
                21.064881311766456,
                105.79300861510623
            ],
            [
                21.06496341568861,
                105.79300215321727
            ],
            [
                21.06516561813288,
                105.79355608795072
            ],
            [
                21.065167011427405,
                105.79356701435741
            ],
            [
                21.065095216742087,
                105.79359460872213
            ]
        ],
        "Area_4": [
            [
                21.06516561813288,
                105.79355608795072
            ],
            [
                21.06496341568861,
                105.79300215321727
            ],
            [
                21.065067009279396,
                105.792994
            ],
            [
                21.065110010203043,
                105.79312000310884
            ],
            [
                21.06516561813288,
                105.79355608795072
            ]
        ]
    },
    "Drone grid points": {
        "A1P1": [
            21.064693193048697,
            105.79305529198778
        ],
        "A1P2": [
            21.064905909036714,
            105.79363802769207
        ],
        "A1P3": [
            21.064889546268404,
            105.79359320180949
        ],
        "A1P4": [
            21.064873183500097,
            105.79354837593678
        ],
        "A1P5": [
            21.064856820731787,
            105.79350355007392
        ],
        "A1P6": [
            21.064840457963477,
            105.79345872422094
        ],
        "A1P7": [
            21.064824095195167,
            105.7934138983778
        ],
        "A1P8": [
            21.06480773242686,
            105.79336907254454
        ],
        "A1P9": [
            21.06479136965855,
            105.79332424672113
        ],
        "A1P10": [
            21.06477500689024,
            105.79327942090758
        ],
        "A1P11": [
            21.064758644121934,
            105.7932345951039
        ],
        "A1P12": [
            21.064742281353624,
            105.79318976931008
        ],
        "A1P13": [
            21.064725918585314,
            105.79314494352612
        ],
        "A1P14": [
            21.064709555817007,
            105.79310011775202
        ],
        "A2P1": [
            21.06477529697085,
            105.79304883013275
        ],
        "A2P2": [
            21.064988012958867,
            105.79363156614943
        ],
        "A2P3": [
            21.064971650190557,
            105.79358674024283
        ],
        "A2P4": [
            21.064955287422247,
            105.79354191434608
        ],
        "A2P5": [
            21.06493892465394,
            105.7934970884592
        ],
        "A2P6": [
            21.06492256188563,
            105.79345226258218
        ],
        "A2P7": [
            21.06490619911732,
            105.79340743671501
        ],
        "A2P8": [
            21.064889836349014,
            105.79336261085771
        ],
        "A2P9": [
            21.064873473580704,
            105.79331778501029
        ],
        "A2P10": [
            21.064857110812394,
            105.79327295917271
        ],
        "A2P11": [
            21.064840748044084,
            105.793228133345
        ],
        "A2P12": [
            21.064824385275777,
            105.79318330752714
        ],
        "A2P13": [
            21.064808022507467,
            105.79313848171915
        ],
        "A2P14": [
            21.064791659739157,
            105.79309365592101
        ],
        "A3P1": [
            21.064857400893,
            105.79304236827059
        ],
        "A3P2": [
            21.06505375411271,
            105.79358027866903
        ],
        "A3P3": [
            21.0650373913444,
            105.79353545274824
        ],
        "A3P4": [
            21.06502102857609,
            105.79349062683734
        ],
        "A3P5": [
            21.065004665807784,
            105.79344580093628
        ],
        "A3P6": [
            21.064988303039474,
            105.7934009750451
        ],
        "A3P7": [
            21.064971940271164,
            105.79335614916377
        ],
        "A3P8": [
            21.064955577502857,
            105.7933113232923
        ],
        "A3P9": [
            21.064939214734547,
            105.7932664974307
        ],
        "A3P10": [
            21.064922851966237,
            105.79322167157895
        ],
        "A3P11": [
            21.064906489197927,
            105.79317684573707
        ],
        "A3P12": [
            21.06489012642962,
            105.79313201990504
        ],
        "A3P13": [
            21.06487376366131,
            105.79308719408289
        ],
        "A4P1": [
            21.064939504815154,
            105.79303590640129
        ],
        "A4P2": [
            21.065135858034864,
            105.79357381708809
        ],
        "A4P3": [
            21.065119495266554,
            105.79352899114329
        ],
        "A4P4": [
            21.065103132498244,
            105.79348416520834
        ],
        "A4P5": [
            21.065086769729934,
            105.79343933928327
        ],
        "A4P6": [
            21.065070406961627,
            105.79339451336804
        ],
        "A4P7": [
            21.065054044193317,
            105.79334968746268
        ],
        "A4P8": [
            21.065037681425007,
            105.79330486156718
        ],
        "A4P9": [
            21.0650213186567,
            105.79326003568156
        ],