{
    "Area": [
        [
            [
                21.065521,
                105.795063
            ],
            [
                21.064926,
                105.795361
            ],
            [
                21.064948,
                105.794548
            ],
            [
                21.065494,
                105.794208
            ],
            [
                21.065625,
                105.794613
            ],
            [
                21.065521,
                105.795063
            ]
        ]
    ],
    "Points": [],
    "LineString": [
        [
            [
                21.065398,
                105.794595
            ],
            [
                21.064163,
                105.794667
            ],
            [
                21.064294,
                105.796405
            ],
            [
                21.065683,
                105.796714
            ],
            [
                21.065789,
                105.79551
            ],
            [
                21.065385,
                105.794585
            ]
        ]
    ],
    "Drone areas:": {
        "Area_0": [
            [
                21.06504871393771,
                105.7952995655772
            ],
            [
                21.064926,
                105.79536102476654
            ],
            [
                21.06494800047256,
                105.79454800735353
            ],
            [
                21.065071126037783,
                105.79447133596275
            ],
            [
                21.06504871393771,
                105.7952995655772
            ]
        ],
        "Area_1": [
            [
                21.06504871393771,
                105.7952995655772
            ],
            [
                21.065071126037783,
                105.79447133596275
            ],
            [
                21.065194251603007,
                105.79439466444506
            ],
            [
                21.06517142787542,
                105.79523810628646
            ],
            [
                21.06504871393771,
                105.7952995655772
            ]
        ],
        "Area_2": [
            [
                21.06517142787542,
                105.79523810628646
            ],
            [
                21.065194251603007,
                105.79439466444506
            ],
            [
                21.065317377168228,
                105.79431799280046
            ],
            [
                21.06529414181313,
                105.79517664689433
            ],
            [
                21.06517142787542,
                105.79523810628646
            ]
        ],
        "Area_3": [
            [
                21.06529414181313,
                105.79517664689433
            ],
            [
                21.065317377168228,
                105.79431799280046
            ],
            [
                21.06544050273345,
                105.79424132102892
            ],
            [
                21.06541685575084,
                105.7951151874008
            ],
            [
                21.06529414181313,
                105.79517664689433
            ]
        ],
        "Area_4": [
            [
                21.06549401220069,
                105.794208
            ],
            [
                21.065625015014582,
                105.79461301060263
            ],
            [
                21.065521012780653,
                105.79506302178552
            ],
            [
                21.06541685575084,
                105.7951151874008
            ],
            [
                21.06544050273345,
                105.79424132102892
            ],
            [
                21.06549401220069,
                105.794208
            ]
        ]
    },
    "Drone grid points": {
        "A1P1": [
            21.065037368737872,
            105.79456659403726
        ],
        "A1P2": [
            21.065019141399073,
            105.79524017743522
        ],
        "A1P3": [
            21.065021745304616,
            105.79514395124562
        ],
        "A1P4": [
            21.06502434921016,
            105.79504772505264
        ],
        "A1P5": [
            21.0650269531157,
            105.7949514988563
        ],
        "A1P6": [
            21.065029557021244,
            105.7948552726566
        ],
        "A1P7": [
            21.065032160926787,
            105.79475904645352
        ],
        "A1P8": [
            21.06503476483233,
            105.79466282024708
        ],
        "A2P1": [
            21.065160494303097,
            105.79448992261582
        ],
        "A2P2": [
            21.065142266964294,
            105.79516350658069
        ],
        "A2P3": [
            21.065144870869837,
            105.7950672803101
        ],
        "A2P4": [
            21.06514747477538,
            105.79497105403614
        ],
        "A2P5": [
            21.065150078680922,
            105.79487482775882
        ],
        "A2P6": [
            21.065152682586465,
            105.79477860147813
        ],
        "A2P7": [
            21.065155286492008,
            105.79468237519406
        ],
        "A2P8": [
            21.065157890397554,
            105.79458614890662
        ],
        "A3P1": [
            21.065283619868318,
            105.79441325106745
        ],
        "A3P2": [
            21.065262788623976,
            105.79518306194747
        ],
        "A3P3": [
            21.06526539252952,
            105.79508683559925
        ],
        "A3P4": [
            21.06526799643506,
            105.79499060924768
        ],
        "A3P5": [
            21.065270600340604,
            105.79489438289272
        ],
        "A3P6": [
            21.065273204246147,
            105.79479815653441
        ],
        "A3P7": [
            21.06527580815169,
            105.79470193017272
        ],
        "A3P8": [
            21.065278412057232,
            105.79460570380768
        ],
        "A3P9": [
            21.065281015962775,
            105.79450947743925
        ],
        "A4P1": [
            21.06540674543354,
            105.79433657939217
        ],
        "A4P2": [
            21.065385914189196,
            105.7951063909201
        ],
        "A4P3": [
            21.06538851809474,
            105.79501016449089
        ],
        "A4P4": [
            21.065391122000282,
            105.79491393805833
        ],
        "A4P5": [
            21.065393725905825,
            105.79481771162239
        ],
        "A4P6": [
            21.065396329811367,
            105.79472148518308
        ],
        "A4P7": [
            21.06539893371691,
            105.79462525874041
        ],
        "A4P8": [
            21.065401537622453,
            105.79452903229436
        ],
        "A4P9": [
            21.065404141527996,
            105.79443280584495
        ],
        "A5P1": [
            21.06552603650728,
            105.7944016100498
        ],
        "A5P2": [
            21.065523432601736,
            105.79449783657861
        ],
        "A5P3": [
            21.065520828696194,
            105.79459406310406
        ],
        "A5P4": [
            21.06551822479065,
            105.79469028962613
        ],
        "A5P5": [
            21.065515620885108,
            105.79478651614484
        ],
        "A5P6": [
            21.065513016979565,
            105.79488274266018
        ],
        "A5P7": [
            21.065510413074023,
            105.79497896917213
        ],
        "A5P8": [
            21.065610624407967,
            105.79459685372589
        ]
    },
    "Drone paths": {
        "A1P0-1": [
            [
                21.0648892,
                105.7929579
            ],
            [
                21.065037368737872,
                105.79456659403726
            ]
        ],