{
    "Area": [
        [
            [
                21.065289,
                105.793823
            ],
            [
                21.062636,
                105.79378
            ],
            [
                21.062656,
                105.797278
            ],
            [
                21.063187,
                105.79746
            ],
            [
                21.066,
                105.797557
            ],
            [
                21.06596,
                105.79554
            ],
            [
                21.065289,
                105.793823
            ]
        ]
    ],
    "Points": [],
    "LineString": [],
    "Drone areas:": {
        "Area_0": [
            [
                21.062636,
                105.79378
            ],
            [
                21.06329634634239,
                105.79379070298484
            ],
            [
                21.06331735189181,
                105.79746459040618
            ],
            [
                21.063187011835527,
                105.79746009267669
            ],
            [
                21.0626560004296,
                105.79727807560755
            ],
            [
                21.062636,
                105.79378
            ]
        ],
        "Area_1": [
            [
                21.06331735189181,
                105.79746459040618
            ],
            [
                21.06329634634239,
                105.79379070298484
            ],
            [
                21.063956692684776,
                105.79380140606469
            ],
            [
                21.063977767245095,
                105.79748737991173
            ],
            [
                21.06331735189181,
                105.79746459040618
            ]
        ],
        "Area_2": [
            [
                21.063977767245095,
                105.79748737991173
            ],
            [
                21.063956692684776,
                105.79380140606469
            ],
            [
                21.064617039027166,
                105.79381210923955
            ],
            [
                21.064638182598383,
                105.79751016962012
            ],
            [
                21.063977767245095,
                105.79748737991173
            ]
        ],
        "Area_3": [
            [
                21.064638182598383,
                105.79751016962012
            ],
            [
                21.064617039027166,
                105.79381210923955
            ],
            [
                21.065277385369555,
                105.79382281250946
            ],
            [
                21.065298597951667,
                105.79753295953137
            ],
            [
                21.064638182598383,
                105.79751016962012
            ]
        ],
        "Area_4": [
            [
                21.065298597951667,
                105.79753295953137
            ],
            [
                21.065277385369555,
                105.79382281250946
            ],
            [
                21.06528905698667,
                105.79382300169053
            ],
            [
                21.06596007139981,
                105.79554007713341
            ],
            [
                21.066000072259015,
                105.7975571665457
            ],
            [
                21.065298597951667,
                105.79753295953137
            ]
        ]
    },
    "Drone grid points": {},
    "Drone paths": {}
}